-- phpMyAdmin SQL Dump
-- version 5.2.1
-- https://www.phpmyadmin.net/
--
-- Host: 127.0.0.1
-- Generation Time: May 08, 2025 at 08:53 PM
-- Server version: 10.4.32-MariaDB
-- PHP Version: 8.2.12

SET SQL_MODE = "NO_AUTO_VALUE_ON_ZERO";
START TRANSACTION;
SET time_zone = "+00:00";


/*!40101 SET @OLD_CHARACTER_SET_CLIENT=@@CHARACTER_SET_CLIENT */;
/*!40101 SET @OLD_CHARACTER_SET_RESULTS=@@CHARACTER_SET_RESULTS */;
/*!40101 SET @OLD_COLLATION_CONNECTION=@@COLLATION_CONNECTION */;
/*!40101 SET NAMES utf8mb4 */;

--
-- Database: `office_asset_manager`
--

-- --------------------------------------------------------

--
-- Table structure for table `assets`
--

CREATE TABLE `assets` (
  `asset_id` int(11) NOT NULL,
  `asset_name` varchar(100) NOT NULL,
  `category` varchar(50) DEFAULT NULL,
  `purchase_date` date DEFAULT NULL,
  `status` enum('Available','Assigned','Under Maintenance','Retired') DEFAULT 'Available',
  `value` decimal(10,2) DEFAULT NULL,
  `notes` text DEFAULT NULL
) ENGINE=InnoDB DEFAULT CHARSET=utf8mb4 COLLATE=utf8mb4_general_ci;

--
-- Dumping data for table `assets`
--

INSERT INTO `assets` (`asset_id`, `asset_name`, `category`, `purchase_date`, `status`, `value`, `notes`) VALUES
(1, 'Dell XPS 15', 'Laptop', '2023-01-15', 'Available', 1499.99, '16GB RAM, 512GB SSD'),
(2, 'MacBook Pro 14\"', 'Laptop', '2023-02-20', 'Assigned', 1999.00, 'M2 Pro chip, 16GB RAM'),
(3, 'Lenovo ThinkPad X1', 'Laptop', '2022-11-10', 'Available', 1299.99, '1TB SSD, i7 processor'),
(4, 'HP EliteDesk', 'Desktop', '2021-09-05', 'Under Maintenance', 899.00, 'Needs RAM upgrade'),
(5, 'iMac 24\"', 'Desktop', '2023-03-12', 'Assigned', 1299.00, 'M1 chip, 8-core GPU'),
(6, 'Microsoft Surface Pro 9', 'Tablet', '2023-04-01', 'Available', 1099.00, 'Keyboard not included'),
(7, 'Dell OptiPlex', 'Desktop', '2022-08-15', 'Available', 749.99, 'Budget workstation'),
(8, 'MacBook Air M2', 'Laptop', '2023-05-10', 'Assigned', 1199.00, 'Newest model'),
(9, 'ASUS ZenBook', 'Laptop', '2022-12-03', 'Available', 999.99, 'OLED display'),
(10, 'Acer Chromebook', 'Laptop', '2021-10-22', 'Retired', 299.00, 'For parts only'),
(11, 'Epson WorkForce Pro', 'Printer', '2022-07-18', 'Available', 399.00, 'Color laser printer'),
(12, 'Brother HL-L2350DW', 'Printer', '2023-01-30', 'Assigned', 199.99, 'Monochrome laser'),
(13, 'Canon imageCLASS', 'Printer', '2021-11-15', 'Under Maintenance', 349.00, 'Jamming frequently'),
(14, 'Logitech ConferenceCam', 'Camera', '2022-09-20', 'Available', 249.00, 'Zoom meetings'),
(15, 'Jabra Speak 710', 'Speakerphone', '2023-02-14', 'Assigned', 199.00, 'For conference room'),
(16, 'Samsung 34\" Curved Monitor', 'Monitor', '2023-03-05', 'Available', 499.00, 'Ultra-wide display'),
(17, 'Dell 27\" 4K Monitor', 'Monitor', '2022-10-10', 'Assigned', 429.00, 'UHD resolution'),
(18, 'Apple Magic Keyboard', 'Accessory', '2023-04-22', 'Available', 99.00, 'Bluetooth'),
(19, 'Logitech MX Master 3', 'Accessory', '2022-12-15', 'Assigned', 99.99, 'Wireless mouse'),
(20, 'APC Back-UPS Pro', 'UPS', '2021-12-01', 'Available', 199.00, '1500VA'),
(21, 'Dell XPS 15 (2023)', 'Laptop', '2023-01-15', 'Available', 1499.99, '16GB RAM, 512GB SSD'),
(22, 'MacBook Pro 14\" M2', 'Laptop', '2023-02-20', 'Assigned', 1999.00, 'M2 Pro chip, 16GB RAM'),
(23, 'Lenovo ThinkPad X1 Carbon', 'Laptop', '2022-11-10', 'Available', 1299.99, '1TB SSD, i7 processor'),
(24, 'HP EliteDesk 800', 'Desktop', '2021-09-05', 'Under Maintenance', 899.00, 'Needs RAM upgrade'),
(25, 'iMac 24\" M1', 'Desktop', '2023-03-12', 'Assigned', 1299.00, 'M1 chip, 8-core GPU'),
(26, 'Microsoft Surface Pro 9', 'Tablet', '2023-04-01', 'Available', 1099.00, 'Keyboard not included'),
(27, 'Dell OptiPlex 7080', 'Desktop', '2022-08-15', 'Available', 749.99, 'Budget workstation'),
(28, 'MacBook Air M2 13\"', 'Laptop', '2023-05-10', 'Assigned', 1199.00, 'Newest model'),
(29, 'ASUS ZenBook 14', 'Laptop', '2022-12-03', 'Available', 999.99, 'OLED display'),
(30, 'Acer Chromebook 314', 'Laptop', '2021-10-22', 'Retired', 299.00, 'For parts only'),
(31, 'Dell Precision 5560', 'Laptop', '2023-01-25', 'Available', 2199.00, 'Workstation laptop'),
(32, 'HP ZBook Fury 15', 'Laptop', '2022-10-18', 'Assigned', 1899.00, '32GB RAM, 1TB SSD'),
(33, 'Lenovo Yoga 9i', 'Laptop', '2023-03-05', 'Available', 1399.00, '2-in-1 convertible'),
(34, 'Microsoft Surface Laptop 5', 'Laptop', '2022-12-15', 'Assigned', 1299.00, 'Platinum color'),
(35, 'Apple Mac mini M2', 'Desktop', '2023-02-28', 'Available', 699.00, 'Base model'),
(36, 'Dell XPS 13', 'Laptop', '2022-09-22', 'Available', 1199.00, 'Previous generation'),
(37, 'HP Pavilion 15', 'Laptop', '2021-11-30', 'Under Maintenance', 799.00, 'Battery issues'),
(38, 'Lenovo ThinkPad T14', 'Laptop', '2023-04-10', 'Assigned', 1499.00, 'AMD Ryzen 7'),
(39, 'ASUS ROG Zephyrus', 'Laptop', '2022-07-15', 'Available', 1599.00, 'Gaming laptop'),
(40, 'Apple Mac Studio', 'Desktop', '2023-01-10', 'Assigned', 1999.00, 'M1 Max chip'),
(41, 'Dell Latitude 5420', 'Laptop', '2022-05-20', 'Available', 1099.00, 'Business class'),
(42, 'HP ProBook 450', 'Laptop', '2021-12-10', 'Available', 899.00, '8GB RAM, 256GB SSD'),
(43, 'Lenovo IdeaPad 5', 'Laptop', '2023-02-15', 'Assigned', 849.00, 'Student edition'),
(44, 'Microsoft Surface Book 3', 'Laptop', '2022-08-30', 'Under Maintenance', 1799.00, 'Detachable screen'),
(45, 'Apple iMac 27\"', 'Desktop', '2020-10-15', 'Retired', 1799.00, 'Intel model'),
(46, 'Dell Inspiron 15', 'Laptop', '2022-11-25', 'Available', 699.00, 'Entry level'),
(47, 'HP Envy x360', 'Laptop', '2023-03-18', 'Assigned', 999.00, 'Convertible'),
(48, 'Lenovo Legion 5', 'Laptop', '2022-09-10', 'Available', 1199.00, 'Gaming'),
(49, 'ASUS ExpertBook', 'Laptop', '2021-10-05', 'Available', 899.00, 'Business laptop'),
(50, 'Apple Mac Pro', 'Desktop', '2022-12-20', 'Assigned', 5999.00, 'High-end workstation'),
(51, 'Dell Alienware m15', 'Laptop', '2023-01-05', 'Available', 2299.00, 'Gaming laptop'),
(52, 'HP Spectre x360', 'Laptop', '2022-10-22', 'Assigned', 1399.00, 'Premium convertible'),
(53, 'Lenovo ThinkBook 14', 'Laptop', '2023-04-05', 'Available', 949.00, 'Small business'),
(54, 'Microsoft Surface Laptop Studio', 'Laptop', '2022-11-15', 'Under Maintenance', 1599.00, 'Creative work'),
(55, 'Apple MacBook Pro 16\"', 'Laptop', '2021-12-10', 'Available', 2399.00, 'Intel model'),
(56, 'Dell Vostro 15', 'Laptop', '2022-08-25', 'Assigned', 799.00, 'Small business'),
(57, 'HP Elite Dragonfly', 'Laptop', '2023-02-10', 'Available', 1699.00, 'Ultra-light'),
(58, 'Lenovo Yoga 7i', 'Laptop', '2022-12-28', 'Available', 999.00, '2-in-1'),
(59, 'ASUS VivoBook 15', 'Laptop', '2021-11-20', 'Retired', 599.00, 'Old model'),
(60, 'Apple iMac 21.5\"', 'Desktop', '2020-09-15', 'Retired', 1099.00, 'Intel model'),
(61, 'Dell Precision 3450', 'Desktop', '2023-03-22', 'Assigned', 1499.00, 'Workstation'),
(62, 'HP Z2 Mini', 'Desktop', '2022-09-18', 'Available', 1299.00, 'Compact workstation'),
(63, 'Lenovo ThinkCentre M90', 'Desktop', '2021-10-30', 'Under Maintenance', 899.00, 'Needs PSU'),
(64, 'Microsoft Surface Studio 2', 'Desktop', '2022-12-05', 'Assigned', 3499.00, 'Creative work'),
(65, 'Apple Mac mini M1', 'Desktop', '2021-11-15', 'Available', 699.00, 'Previous gen'),
(66, 'Dell OptiPlex 3090', 'Desktop', '2022-07-20', 'Available', 799.00, 'Office use'),
(67, 'HP ProDesk 400', 'Desktop', '2021-12-15', 'Retired', 599.00, 'Old model'),
(68, 'Lenovo IdeaCentre 5', 'Desktop', '2023-01-30', 'Assigned', 849.00, 'Home office'),
(69, 'ASUS ProArt Station', 'Desktop', '2022-10-10', 'Available', 1999.00, 'Creative work'),
(70, 'Epson WorkForce Pro WF-4830', 'Printer', '2022-07-18', 'Available', 399.00, 'Color laser printer'),
(71, 'Brother HL-L2350DW', 'Printer', '2023-01-30', 'Assigned', 199.99, 'Monochrome laser'),
(72, 'Canon imageCLASS MF743Cdw', 'Printer', '2021-11-15', 'Under Maintenance', 349.00, 'Jamming frequently'),
(73, 'HP LaserJet Pro M404n', 'Printer', '2022-09-20', 'Available', 299.00, 'Black and white'),
(74, 'Xerox VersaLink C405', 'Printer', '2023-02-14', 'Assigned', 499.00, 'Color laser'),
(75, 'Epson EcoTank ET-4760', 'Printer', '2022-10-05', 'Available', 349.00, 'Ink tank system'),
(76, 'Brother MFC-L8900CDW', 'Printer', '2021-12-22', 'Available', 599.00, 'Color laser MFP'),
(77, 'Canon PIXMA TR8620', 'Printer', '2023-03-10', 'Assigned', 199.00, 'All-in-one inkjet'),
(78, 'HP OfficeJet Pro 9025', 'Printer', '2022-08-15', 'Under Maintenance', 329.00, 'Paper feed issues'),
(79, 'Xerox WorkCentre 6515', 'Printer', '2021-10-30', 'Available', 449.00, 'Multifunction'),
(80, 'Epson Expression Photo XP-8600', 'Printer', '2023-01-18', 'Assigned', 249.00, 'Photo printing'),
(81, 'Brother HL-L3270CDW', 'Printer', '2022-11-25', 'Available', 299.00, 'Color laser'),
(82, 'Canon imageCLASS LBP6230dw', 'Printer', '2021-09-15', 'Retired', 199.00, 'Old model'),
(83, 'HP Neverstop 1202nw', 'Printer', '2023-04-01', 'Available', 349.00, 'Toner tank'),
(84, 'Xerox Phaser 6510', 'Printer', '2022-12-10', 'Assigned', 399.00, 'Color printer'),
(85, 'Epson SureColor P5000', 'Printer', '2021-11-28', 'Available', 1299.00, 'Large format'),
(86, 'Brother QL-1100', 'Printer', '2023-02-20', 'Under Maintenance', 299.00, 'Label printer'),
(87, 'Canon MAXIFY GX4020', 'Printer', '2022-09-15', 'Available', 249.00, 'Business inkjet'),
(88, 'HP DesignJet T650', 'Printer', '2021-12-05', 'Retired', 1499.00, 'Plotter'),
(89, 'Xerox B205', 'Printer', '2023-03-25', 'Assigned', 199.00, 'Basic monochrome'),
(90, 'Samsung 34\" Curved Monitor', 'Monitor', '2023-03-05', 'Available', 499.00, 'Ultra-wide display'),
(91, 'Dell 27\" 4K Monitor U2723QE', 'Monitor', '2022-10-10', 'Assigned', 429.00, 'UHD resolution'),
(92, 'LG 32UN880-B', 'Monitor', '2023-01-15', 'Available', 699.00, 'Ergo stand'),
(93, 'ASUS ProArt PA278QV', 'Monitor', '2022-11-20', 'Under Maintenance', 349.00, 'Color accurate'),
(94, 'HP Z27k G3', 'Monitor', '2021-12-15', 'Available', 399.00, '4K USB-C'),
(95, 'Acer Predator XB273K', 'Monitor', '2023-02-28', 'Assigned', 799.00, 'Gaming monitor'),
(96, 'BenQ PD3200U', 'Monitor', '2022-09-25', 'Available', 699.00, 'Designer monitor'),
(97, 'ViewSonic VP2458', 'Monitor', '2021-11-10', 'Available', 199.00, 'Basic office'),
(98, 'Dell UltraSharp U4021QW', 'Monitor', '2023-04-05', 'Assigned', 1899.00, 'Ultra-wide 5K'),
(99, 'Samsung Odyssey G7', 'Monitor', '2022-12-18', 'Available', 699.00, 'Curved gaming'),
(100, 'LG 27GL850-B', 'Monitor', '2021-10-22', 'Under Maintenance', 449.00, 'Nano IPS'),
(101, 'ASUS TUF Gaming VG279QM', 'Monitor', '2023-03-15', 'Available', 329.00, '280Hz refresh'),
(102, 'HP E24d G4', 'Monitor', '2022-08-30', 'Assigned', 299.00, 'Built-in docking'),
(103, 'Acer Nitro XV282K', 'Monitor', '2021-12-28', 'Available', 599.00, '4K 144Hz'),
(104, 'BenQ EW3280U', 'Monitor', '2023-01-10', 'Available', 799.00, 'Entertainment'),
(105, 'ViewSonic XG2405', 'Monitor', '2022-11-05', 'Retired', 249.00, 'Old model'),
(106, 'Dell P2722H', 'Monitor', '2021-09-18', 'Available', 279.00, 'Basic office'),
(107, 'Samsung S80A', 'Monitor', '2023-02-20', 'Assigned', 399.00, 'USB-C hub'),
(108, 'LG 24MD4KL-B', 'Monitor', '2022-10-15', 'Available', 1099.00, '4K for Mac'),
(109, 'ASUS ZenScreen MB16AC', 'Monitor', '2021-11-30', 'Under Maintenance', 249.00, 'Portable'),
(110, 'HP Z24n G3', 'Monitor', '2023-04-10', 'Available', 299.00, 'Business monitor'),
(111, 'Acer CB282K', 'Monitor', '2022-12-22', 'Assigned', 349.00, '4K HDR'),
(112, 'BenQ GW2480', 'Monitor', '2021-10-05', 'Available', 159.00, 'Eye-care'),
(113, 'ViewSonic VX2758-2KP-MHD', 'Monitor', '2023-03-28', 'Available', 299.00, '1440p'),
(114, 'Dell S2721DGF', 'Monitor', '2022-09-15', 'Retired', 399.00, 'Previous model'),
(115, 'Samsung UR55', 'Monitor', '2021-12-10', 'Available', 279.00, '4K UHD'),
(116, 'LG 27UK850-W', 'Monitor', '2023-01-25', 'Assigned', 499.00, 'USB-C'),
(117, 'ASUS ROG Swift PG329Q', 'Monitor', '2022-11-18', 'Available', 899.00, 'Gaming'),
(118, 'HP 24mh', 'Monitor', '2021-09-30', 'Under Maintenance', 169.00, 'Basic'),
(119, 'Acer B247Y', 'Monitor', '2023-02-15', 'Available', 199.00, 'Business'),
(120, 'Apple Magic Keyboard', 'Accessory', '2023-04-22', 'Available', 99.00, 'Bluetooth'),
(121, 'Logitech MX Master 3', 'Accessory', '2022-12-15', 'Assigned', 99.99, 'Wireless mouse'),
(122, 'APC Back-UPS Pro 1500', 'UPS', '2021-12-01', 'Available', 199.00, '1500VA'),
(123, 'Jabra Speak 710', 'Speakerphone', '2023-02-14', 'Assigned', 199.00, 'For conference room'),
(124, 'Logitech ConferenceCam', 'Camera', '2022-09-20', 'Available', 249.00, 'Zoom meetings'),
(125, 'Microsoft Surface Keyboard', 'Accessory', '2023-03-10', 'Assigned', 129.00, 'Bluetooth'),
(126, 'Logitech K380', 'Accessory', '2022-10-25', 'Available', 39.99, 'Multi-device'),
(127, 'Apple Magic Trackpad', 'Accessory', '2021-11-15', 'Under Maintenance', 129.00, 'Gesture control'),
(128, 'Anker PowerConf', 'Speakerphone', '2023-01-20', 'Available', 199.00, 'Team meetings'),
(129, 'Dell Premier Wireless Mouse', 'Accessory', '2022-08-10', 'Assigned', 59.99, 'Bluetooth'),
(130, 'Samsung T7 SSD 1TB', 'Storage', '2023-04-05', 'Available', 99.99, 'Portable SSD'),
(131, 'WD My Passport 2TB', 'Storage', '2021-12-28', 'Available', 79.99, 'External HDD'),
(132, 'Logitech Brio 4K', 'Camera', '2022-11-15', 'Assigned', 199.00, 'Webcam'),
(133, 'Apple Thunderbolt Display', 'Monitor', '2020-10-15', 'Retired', 999.00, 'Old model'),
(134, 'Belkin Thunderbolt 3 Dock', 'Docking Station', '2023-02-28', 'Available', 299.00, '12 ports'),
(135, 'Corsair K100 RGB', 'Accessory', '2022-09-22', 'Assigned', 199.99, 'Mechanical keyboard'),
(136, 'Razer DeathAdder V2', 'Accessory', '2021-10-30', 'Available', 69.99, 'Gaming mouse'),
(137, 'Blue Yeti Nano', 'Microphone', '2023-03-18', 'Under Maintenance', 99.00, 'USB mic'),
(138, 'Elgato Stream Deck', 'Accessory', '2022-12-10', 'Available', 149.99, 'Macro controller'),
(139, 'HyperX Cloud II', 'Headphones', '2021-11-25', 'Assigned', 99.99, 'Gaming headset'),
(140, 'Sony WH-1000XM4', 'Headphones', '2023-01-15', 'Available', 349.99, 'Noise cancelling'),
(141, 'Bose QuietComfort 45', 'Headphones', '2022-10-05', 'Available', 329.00, 'Noise cancelling'),
(142, 'JBL Charge 5', 'Speaker', '2021-12-15', 'Retired', 179.95, 'Portable'),
(143, 'Logitech G Pro X', 'Headphones', '2023-04-01', 'Assigned', 129.99, 'Gaming'),
(144, 'SteelSeries Apex Pro', 'Accessory', '2022-11-28', 'Available', 199.99, 'Keyboard'),
(145, 'Apple AirPods Pro', 'Headphones', '2021-10-22', 'Available', 249.00, '2nd gen'),
(146, 'Samsung Galaxy Buds Pro', 'Headphones', '2023-02-15', 'Under Maintenance', 199.99, 'Wireless'),
(147, 'Anker 737 Power Bank', 'Accessory', '2022-09-10', 'Available', 129.99, '24,000mAh'),
(148, 'OWC Thunderbolt Hub', 'Docking Station', '2021-11-30', 'Assigned', 149.00, 'Compact'),
(149, 'CalDigit TS4', 'Docking Station', '2023-03-25', 'Available', 399.00, '18 ports'),
(150, 'Keychron K8', 'Accessory', '2022-12-20', 'Available', 99.99, 'Mechanical'),
(151, 'Logitech MX Keys', 'Accessory', '2021-10-15', 'Retired', 99.99, 'Previous model'),
(152, 'Apple Magic Mouse', 'Accessory', '2023-01-30', 'Assigned', 79.00, 'Multi-touch'),
(153, 'Microsoft Modern Webcam', 'Camera', '2022-08-25', 'Available', 69.99, '1080p'),
(154, 'Jabra Evolve2 65', 'Headphones', '2021-12-10', 'Under Maintenance', 249.00, 'Office use'),
(155, 'Bose SoundLink Revolve', 'Speaker', '2023-04-10', 'Available', 199.00, 'Portable'),
(156, 'Sony SRS-XB43', 'Speaker', '2022-10-30', 'Assigned', 249.99, 'Extra bass'),
(157, 'SanDisk Extreme Pro 1TB', 'Storage', '2021-11-20', 'Available', 129.99, 'SD card'),
(158, 'LaCie Rugged SSD 2TB', 'Storage', '2023-02-28', 'Available', 299.99, 'Shock resistant'),
(159, 'OWC Envoy Pro FX', 'Storage', '2022-09-18', 'Retired', 199.99, 'Portable SSD'),
(160, 'Logitech C920', 'Camera', '2021-12-05', 'Available', 69.99, 'HD webcam'),
(161, 'Razer BlackWidow V3', 'Accessory', '2023-03-15', 'Assigned', 139.99, 'Mechanical'),
(162, 'SteelSeries Rival 3', 'Accessory', '2022-11-10', 'Available', 29.99, 'Gaming mouse'),
(163, 'Bose Companion 20', 'Speaker', '2021-10-28', 'Under Maintenance', 249.00, 'Multimedia'),
(164, 'JBL Flip 6', 'Speaker', '2023-01-22', 'Available', 129.95, 'Portable'),
(165, 'HyperX Pulsefire Haste', 'Accessory', '2022-08-15', 'Assigned', 49.99, 'Gaming mouse'),
(166, 'Corsair Virtuoso RGB', 'Headphones', '2021-11-10', 'Available', 179.99, 'Wireless'),
(167, 'Elgato Key Light Air', 'Accessory', '2023-04-05', 'Available', 159.99, 'Streaming light'),
(168, 'Blue Snowball', 'Microphone', '2022-12-15', 'Retired', 49.99, 'USB mic'),
(169, 'Anker 543 USB-C Hub', 'Docking Station', '2021-09-30', 'Available', 59.99, '7-in-1'),
(170, 'Herman Miller Aeron Chair', 'Furniture', '2022-10-15', 'Assigned', 1495.00, 'Size B'),
(171, 'Steelcase Gesture Chair', 'Furniture', '2023-01-20', 'Available', 1299.00, 'With headrest'),
(172, 'IKEA Markus Chair', 'Furniture', '2021-11-10', 'Available', 199.00, 'Budget option'),
(173, 'Uplift V2 Desk', 'Furniture', '2022-09-05', 'Assigned', 899.00, '72\" standing desk'),
(174, 'Fully Jarvis Desk', 'Furniture', '2023-03-15', 'Available', 699.00, '60\" bamboo top'),
(175, 'IKEA Bekant Desk', 'Furniture', '2021-12-22', 'Under Maintenance', 299.00, 'Electric sit/stand'),
(176, 'Knoll Generation Chair', 'Furniture', '2022-11-30', 'Available', 995.00, 'Ergonomic'),
(177, 'Steelcase Series 1 Chair', 'Furniture', '2023-02-18', 'Assigned', 499.00, 'Entry level'),
(178, 'Herman Miller Sayl Chair', 'Furniture', '2021-10-05', 'Available', 795.00, 'Y-backed'),
(179, 'Uplift Eco Curve Desk', 'Furniture', '2022-12-10', 'Available', 1099.00, '80\" reclaimed wood'),
(180, 'Fully Cooper Desk', 'Furniture', '2023-04-01', 'Assigned', 599.00, 'Fixed height'),
(181, 'IKEA Alex Desk', 'Furniture', '2021-09-15', 'Retired', 149.00, 'Basic desk'),
(182, 'Knoll ReGeneration Chair', 'Furniture', '2022-10-28', 'Available', 895.00, 'Sustainable'),
(183, 'Steelcase Leap Chair', 'Furniture', '2023-01-10', 'Under Maintenance', 1199.00, 'V2 model'),
(184, 'Herman Miller Embody Chair', 'Furniture', '2021-11-25', 'Assigned', 1595.00, 'Gaming edition'),
(185, 'Uplift Four-Legged Desk', 'Furniture', '2022-09-20', 'Available', 799.00, '60\" desktop'),
(186, 'Fully Remi Desk', 'Furniture', '2023-03-05', 'Available', 499.00, 'Compact standing'),
(187, 'IKEA Idasen Desk', 'Furniture', '2021-12-15', 'Retired', 349.00, 'Previous model'),
(188, 'Knoll Life Chair', 'Furniture', '2022-11-05', 'Assigned', 1095.00, 'High-back'),
(189, 'Steelcase Amia Chair', 'Furniture', '2023-02-22', 'Available', 899.00, 'All-day comfort'),
(190, 'Herman Miller Mirra 2', 'Furniture', '2021-10-18', 'Under Maintenance', 995.00, 'Butterfly back'),
(191, 'Uplift Commercial Desk', 'Furniture', '2022-12-05', 'Available', 999.00, 'Industrial frame'),
(192, 'Fully Desk Converter', 'Furniture', '2023-04-10', 'Assigned', 299.00, 'Standing converter'),
(193, 'IKEA Skarsta Desk', 'Furniture', '2021-09-28', 'Available', 249.00, 'Manual crank'),
(194, 'Knoll Chadwick Chair', 'Furniture', '2022-10-10', 'Available', 1295.00, 'Executive'),
(195, 'Steelcase Think Chair', 'Furniture', '2023-01-15', 'Retired', 795.00, 'V1 model'),
(196, 'Herman Miller Cosm Chair', 'Furniture', '2021-11-30', 'Assigned', 1495.00, 'Leaf arms'),
(197, 'Uplift Bamboo Desk', 'Furniture', '2022-09-15', 'Available', 899.00, '72\" bamboo top'),
(198, 'Fully Standing Mat', 'Furniture', '2023-03-20', 'Under Maintenance', 99.00, 'Anti-fatigue'),
(199, 'IKEA Millberget Chair', 'Furniture', '2021-12-28', 'Available', 79.00, 'Basic office'),
(200, 'Cisco Catalyst 9200', 'Network', '2022-11-15', 'Assigned', 2999.00, '48-port switch'),
(201, 'Ubiquiti Dream Machine Pro', 'Network', '2023-02-10', 'Available', 379.00, 'Security gateway'),
(202, 'Netgear Nighthawk AX8', 'Network', '2021-10-22', 'Under Maintenance', 299.99, 'WiFi 6 router'),
(203, 'TP-Link Omada EAP245', 'Network', '2022-12-18', 'Available', 99.99, 'Ceiling AP'),
(204, 'Aruba Instant On AP22', 'Network', '2023-03-25', 'Assigned', 199.00, 'WiFi 6 access point'),
(205, 'MikroTik RB4011', 'Network', '2021-11-15', 'Available', 199.00, 'Router'),
(206, 'Ubiquiti Switch Lite 16', 'Network', '2022-09-30', 'Available', 199.00, 'Managed switch'),
(207, 'Netgear GS308', 'Network', '2023-01-05', 'Retired', 29.99, '8-port switch'),
(208, 'TP-Link TL-SG108', 'Network', '2021-12-10', 'Available', 19.99, 'Unmanaged switch'),
(209, 'Aruba 2930F', 'Network', '2022-10-25', 'Assigned', 1499.00, '24-port switch'),
(210, 'MikroTik hAP ac2', 'Network', '2023-04-05', 'Available', 99.00, 'Home router'),
(211, 'Ubiquiti U6-Pro', 'Network', '2021-09-20', 'Under Maintenance', 159.00, 'WiFi 6 AP'),
(212, 'Netgear Orbi RBK852', 'Network', '2022-11-28', 'Available', 699.99, 'Mesh system'),
(213, 'TP-Link Deco X90', 'Network', '2023-02-15', 'Assigned', 449.99, 'Tri-band mesh'),
(214, 'Aruba CX 6300', 'Network', '2021-10-05', 'Available', 4999.00, 'Enterprise switch'),
(215, 'MikroTik CCR1009', 'Network', '2022-12-22', 'Available', 399.00, 'Cloud core router'),
(216, 'Ubiquiti USW-Pro-24', 'Network', '2023-03-10', 'Retired', 699.00, 'Previous gen'),
(217, 'Netgear MS510TX', 'Network', '2021-11-25', 'Available', 349.99, 'Multi-gig switch'),
(218, 'TP-Link JetStream T1600G-28TS', 'Network', '2022-09-15', 'Assigned', 199.99, 'Managed switch'),
(219, 'Aruba Instant On 1930', 'Network', '2023-01-30', 'Available', 299.00, '24-port switch');

-- --------------------------------------------------------

--
-- Table structure for table `asset_assignments`
--

CREATE TABLE `asset_assignments` (
  `assignment_id` int(11) NOT NULL,
  `asset_id` int(11) NOT NULL,
  `user_id` int(11) NOT NULL,
  `assigned_date` date DEFAULT curdate(),
  `return_date` date DEFAULT NULL,
  `status` enum('Assigned','Returned') DEFAULT 'Assigned'
) ENGINE=InnoDB DEFAULT CHARSET=utf8mb4 COLLATE=utf8mb4_general_ci;

--
-- Dumping data for table `asset_assignments`
--

INSERT INTO `asset_assignments` (`assignment_id`, `asset_id`, `user_id`, `assigned_date`, `return_date`, `status`) VALUES
(1, 2, 3, '2023-03-01', NULL, 'Assigned'),
(2, 5, 4, '2023-04-05', NULL, 'Assigned'),
(3, 8, 6, '2023-05-15', NULL, 'Assigned'),
(4, 12, 2, '2023-02-10', NULL, 'Assigned'),
(5, 15, 5, '2023-03-20', NULL, 'Assigned'),
(6, 17, 7, '2023-04-01', NULL, 'Assigned'),
(7, 19, 8, '2023-05-01', NULL, 'Assigned'),
(8, 2, 9, '2022-12-01', '2023-02-28', 'Returned'),
(9, 5, 10, '2023-01-15', '2023-04-01', 'Returned'),
(10, 12, 3, '2022-11-01', '2023-01-30', 'Returned'),
(11, 2, 6, '2023-03-01', NULL, 'Assigned'),
(12, 5, 7, '2023-04-05', NULL, 'Assigned'),
(13, 8, 8, '2023-05-15', NULL, 'Assigned'),
(14, 12, 9, '2023-02-10', NULL, 'Assigned'),
(15, 15, 10, '2023-03-20', NULL, 'Assigned'),
(16, 17, 11, '2023-04-01', NULL, 'Assigned'),
(17, 19, 12, '2023-05-01', NULL, 'Assigned'),
(18, 20, 13, '2023-01-10', NULL, 'Assigned'),
(19, 23, 14, '2023-04-10', NULL, 'Assigned'),
(20, 26, 15, '2023-02-15', NULL, 'Assigned'),
(21, 30, 16, '2023-01-05', NULL, 'Assigned'),
(22, 32, 17, '2023-02-10', NULL, 'Assigned'),
(23, 35, 18, '2023-03-15', NULL, 'Assigned'),
(24, 38, 19, '2023-04-20', NULL, 'Assigned'),
(25, 41, 20, '2023-01-30', NULL, 'Assigned'),
(26, 44, 21, '2023-02-28', NULL, 'Assigned'),
(27, 47, 22, '2023-03-10', NULL, 'Assigned'),
(28, 50, 23, '2023-04-05', NULL, 'Assigned'),
(29, 53, 24, '2023-01-20', NULL, 'Assigned'),
(30, 56, 25, '2023-02-15', NULL, 'Assigned'),
(31, 59, 26, '2023-03-25', NULL, 'Assigned'),
(32, 62, 27, '2023-04-10', NULL, 'Assigned'),
(33, 65, 28, '2023-01-15', NULL, 'Assigned'),
(34, 68, 29, '2023-02-20', NULL, 'Assigned'),
(35, 71, 30, '2023-03-05', NULL, 'Assigned'),
(36, 74, 31, '2023-04-15', NULL, 'Assigned'),
(37, 77, 32, '2023-01-25', NULL, 'Assigned'),
(38, 80, 33, '2023-02-28', NULL, 'Assigned'),
(39, 83, 34, '2023-03-15', NULL, 'Assigned'),
(40, 86, 35, '2023-04-01', NULL, 'Assigned'),
(41, 89, 36, '2023-01-10', NULL, 'Assigned'),
(42, 92, 37, '2023-02-15', NULL, 'Assigned'),
(43, 95, 38, '2023-03-20', NULL, 'Assigned'),
(44, 98, 39, '2023-04-05', NULL, 'Assigned'),
(45, 101, 40, '2023-01-30', NULL, 'Assigned'),
(46, 104, 41, '2023-02-28', NULL, 'Assigned'),
(47, 107, 42, '2023-03-10', NULL, 'Assigned'),
(48, 110, 43, '2023-04-15', NULL, 'Assigned'),
(49, 113, 44, '2023-01-20', NULL, 'Assigned'),
(50, 116, 45, '2023-02-25', NULL, 'Assigned'),
(51, 119, 46, '2023-03-30', NULL, 'Assigned'),
(52, 122, 47, '2023-04-05', NULL, 'Assigned'),
(53, 125, 48, '2023-01-15', NULL, 'Assigned'),
(54, 128, 49, '2023-02-20', NULL, 'Assigned'),
(55, 131, 50, '2023-03-25', NULL, 'Assigned'),
(56, 134, 6, '2023-04-30', NULL, 'Assigned'),
(57, 137, 7, '2023-01-05', NULL, 'Assigned'),
(58, 140, 8, '2023-02-10', NULL, 'Assigned'),
(59, 143, 9, '2023-03-15', NULL, 'Assigned'),
(60, 146, 10, '2023-04-20', NULL, 'Assigned'),
(61, 149, 11, '2023-01-25', NULL, 'Assigned'),
(62, 152, 12, '2023-02-28', NULL, 'Assigned'),
(63, 155, 13, '2023-03-05', NULL, 'Assigned'),
(64, 158, 14, '2023-04-10', NULL, 'Assigned'),
(65, 161, 15, '2023-01-15', NULL, 'Assigned'),
(66, 164, 16, '2023-02-20', NULL, 'Assigned'),
(67, 167, 17, '2023-03-25', NULL, 'Assigned'),
(68, 170, 18, '2023-04-30', NULL, 'Assigned'),
(69, 173, 19, '2023-01-05', NULL, 'Assigned'),
(70, 176, 20, '2023-02-10', NULL, 'Assigned'),
(71, 179, 21, '2023-03-15', NULL, 'Assigned'),
(72, 182, 22, '2023-04-20', NULL, 'Assigned'),
(73, 185, 23, '2023-01-25', NULL, 'Assigned'),
(74, 188, 24, '2023-02-28', NULL, 'Assigned'),
(75, 191, 25, '2023-03-05', NULL, 'Assigned'),
(76, 194, 26, '2023-04-10', NULL, 'Assigned'),
(77, 197, 27, '2023-01-15', NULL, 'Assigned'),
(78, 200, 28, '2023-02-20', NULL, 'Assigned'),
(79, 2, 9, '2022-12-01', '2023-02-28', 'Returned'),
(80, 5, 10, '2023-01-15', '2023-04-01', 'Returned'),
(81, 8, 11, '2022-11-01', '2023-01-30', 'Returned'),
(82, 11, 12, '2022-10-15', '2023-01-10', 'Returned'),
(83, 14, 13, '2022-09-20', '2023-02-15', 'Returned'),
(84, 17, 14, '2022-08-25', '2023-03-01', 'Returned'),
(85, 20, 15, '2022-07-30', '2023-01-05', 'Returned'),
(86, 23, 16, '2022-06-05', '2023-02-10', 'Returned'),
(87, 26, 17, '2022-05-10', '2023-01-15', 'Returned'),
(88, 29, 18, '2022-04-15', '2023-02-20', 'Returned'),
(89, 32, 19, '2022-03-20', '2023-01-25', 'Returned'),
(90, 35, 20, '2022-02-25', '2023-02-28', 'Returned'),
(91, 38, 21, '2022-01-30', '2023-01-05', 'Returned'),
(92, 41, 22, '2021-12-05', '2023-02-10', 'Returned'),
(93, 44, 23, '2021-11-10', '2023-01-15', 'Returned'),
(94, 47, 24, '2021-10-15', '2023-02-20', 'Returned'),
(95, 50, 25, '2021-09-20', '2023-01-25', 'Returned'),
(96, 53, 26, '2021-08-25', '2023-02-28', 'Returned'),
(97, 56, 27, '2021-07-30', '2023-01-05', 'Returned'),
(98, 59, 28, '2021-06-05', '2023-02-10', 'Returned'),
(99, 62, 29, '2021-05-10', '2023-01-15', 'Returned'),
(100, 65, 30, '2021-04-15', '2023-02-20', 'Returned'),
(101, 68, 31, '2021-03-20', '2023-01-25', 'Returned'),
(102, 71, 32, '2021-02-25', '2023-02-28', 'Returned'),
(103, 74, 33, '2021-01-30', '2023-01-05', 'Returned'),
(104, 77, 34, '2020-12-05', '2023-02-10', 'Returned'),
(105, 80, 35, '2020-11-10', '2023-01-15', 'Returned'),
(106, 83, 36, '2020-10-15', '2023-02-20', 'Returned'),
(107, 86, 37, '2020-09-20', '2023-01-25', 'Returned'),
(108, 89, 38, '2020-08-25', '2023-02-28', 'Returned'),
(109, 92, 39, '2020-07-30', '2023-01-05', 'Returned'),
(110, 95, 40, '2020-06-05', '2023-02-10', 'Returned'),
(111, 98, 41, '2020-05-10', '2023-01-15', 'Returned'),
(112, 101, 42, '2020-04-15', '2023-02-20', 'Returned'),
(113, 104, 43, '2020-03-20', '2023-01-25', 'Returned'),
(114, 107, 44, '2020-02-25', '2023-02-28', 'Returned'),
(115, 110, 45, '2020-01-30', '2023-01-05', 'Returned'),
(116, 113, 6, '2019-12-05', '2023-02-10', 'Returned'),
(117, 116, 7, '2019-11-10', '2023-01-15', 'Returned'),
(118, 119, 8, '2019-10-15', '2023-02-20', 'Returned'),
(119, 122, 9, '2019-09-20', '2023-01-25', 'Returned'),
(120, 125, 10, '2019-08-25', '2023-02-28', 'Returned'),
(121, 128, 11, '2019-07-30', '2023-01-05', 'Returned'),
(122, 131, 12, '2019-06-05', '2023-02-10', 'Returned'),
(123, 134, 13, '2019-05-10', '2023-01-15', 'Returned'),
(124, 137, 14, '2019-04-15', '2023-02-20', 'Returned'),
(125, 140, 15, '2019-03-20', '2023-01-25', 'Returned'),
(126, 143, 16, '2019-02-25', '2023-02-28', 'Returned'),
(127, 146, 17, '2019-01-30', '2023-01-05', 'Returned'),
(128, 149, 18, '2018-12-05', '2023-02-10', 'Returned'),
(129, 152, 19, '2018-11-10', '2023-01-15', 'Returned'),
(130, 155, 20, '2018-10-15', '2023-02-20', 'Returned'),
(131, 158, 21, '2018-09-20', '2023-01-25', 'Returned'),
(132, 161, 22, '2018-08-25', '2023-02-28', 'Returned'),
(133, 164, 23, '2018-07-30', '2023-01-05', 'Returned'),
(134, 167, 24, '2018-06-05', '2023-02-10', 'Returned'),
(135, 170, 25, '2018-05-10', '2023-01-15', 'Returned'),
(136, 173, 26, '2018-04-15', '2023-02-20', 'Returned'),
(137, 176, 27, '2018-03-20', '2023-01-25', 'Returned'),
(138, 179, 28, '2018-02-25', '2023-02-28', 'Returned'),
(139, 182, 29, '2018-01-30', '2023-01-05', 'Returned'),
(140, 185, 30, '2017-12-05', '2023-02-10', 'Returned'),
(141, 188, 31, '2017-11-10', '2023-01-15', 'Returned'),
(142, 191, 32, '2017-10-15', '2023-02-20', 'Returned'),
(143, 194, 33, '2017-09-20', '2023-01-25', 'Returned'),
(144, 197, 34, '2017-08-25', '2023-02-28', 'Returned'),
(145, 200, 35, '2017-07-30', '2023-01-05', 'Returned'),
(146, 52, 36, '2022-11-15', '2023-03-01', 'Returned'),
(147, 55, 37, '2022-10-20', '2023-02-15', 'Returned'),
(148, 58, 38, '2022-09-25', '2023-01-10', 'Returned'),
(149, 61, 39, '2022-08-30', '2023-03-05', 'Returned'),
(150, 64, 40, '2022-07-05', '2023-02-20', 'Returned'),
(151, 67, 41, '2022-06-10', '2023-01-25', 'Returned'),
(152, 70, 42, '2022-05-15', '2023-03-10', 'Returned'),
(153, 73, 43, '2022-04-20', '2023-02-25', 'Returned'),
(154, 76, 44, '2022-03-25', '2023-01-30', 'Returned'),
(155, 79, 45, '2022-02-28', '2023-03-15', 'Returned'),
(156, 82, 6, '2022-01-05', '2023-02-10', 'Returned'),
(157, 85, 7, '2021-12-10', '2023-01-15', 'Returned'),
(158, 88, 8, '2021-11-15', '2023-03-20', 'Returned'),
(159, 91, 9, '2021-10-20', '2023-02-25', 'Returned'),
(160, 94, 10, '2021-09-25', '2023-01-30', 'Returned'),
(161, 97, 11, '2021-08-30', '2023-03-05', 'Returned'),
(162, 100, 12, '2021-07-05', '2023-02-10', 'Returned'),
(163, 103, 13, '2021-06-10', '2023-01-15', 'Returned'),
(164, 106, 14, '2021-05-15', '2023-03-20', 'Returned'),
(165, 109, 15, '2021-04-20', '2023-02-25', 'Returned'),
(166, 63, 16, '2022-09-10', '2023-01-30', 'Returned'),
(167, 66, 17, '2022-08-15', '2023-03-05', 'Returned'),
(168, 69, 18, '2022-07-20', '2023-02-10', 'Returned'),
(169, 72, 19, '2022-06-25', '2023-01-15', 'Returned'),
(170, 75, 20, '2022-05-30', '2023-03-10', 'Returned'),
(171, 78, 21, '2022-04-05', '2023-02-15', 'Returned'),
(172, 81, 22, '2022-03-10', '2023-01-20', 'Returned'),
(173, 84, 23, '2022-02-15', '2023-03-15', 'Returned'),
(174, 87, 24, '2022-01-20', '2023-02-20', 'Returned'),
(175, 90, 25, '2021-12-25', '2023-01-25', 'Returned'),
(176, 93, 26, '2021-11-30', '2023-03-20', 'Returned'),
(177, 96, 27, '2021-10-05', '2023-02-25', 'Returned'),
(178, 99, 28, '2021-09-10', '2023-01-30', 'Returned'),
(179, 102, 29, '2021-08-15', '2023-03-05', 'Returned'),
(180, 105, 30, '2021-07-20', '2023-02-10', 'Returned'),
(181, 108, 31, '2021-06-25', '2023-01-15', 'Returned'),
(182, 111, 32, '2021-05-30', '2023-03-10', 'Returned'),
(183, 114, 33, '2021-04-05', '2023-02-15', 'Returned'),
(184, 117, 34, '2021-03-10', '2023-01-20', 'Returned'),
(185, 120, 35, '2021-02-15', '2023-03-15', 'Returned'),
(186, 123, 36, '2021-01-20', '2023-02-20', 'Returned'),
(187, 126, 37, '2020-12-25', '2023-01-25', 'Returned'),
(188, 129, 38, '2020-11-30', '2023-03-20', 'Returned'),
(189, 132, 39, '2020-10-05', '2023-02-25', 'Returned'),
(190, 135, 40, '2020-09-10', '2023-01-30', 'Returned'),
(191, 138, 41, '2020-08-15', '2023-03-05', 'Returned'),
(192, 141, 42, '2020-07-20', '2023-02-10', 'Returned'),
(193, 144, 43, '2020-06-25', '2023-01-15', 'Returned'),
(194, 147, 44, '2020-05-30', '2023-03-10', 'Returned'),
(195, 150, 45, '2020-04-05', '2023-02-15', 'Returned'),
(196, 153, 6, '2020-03-10', '2023-01-20', 'Returned'),
(197, 156, 7, '2020-02-15', '2023-03-15', 'Returned'),
(198, 159, 8, '2020-01-20', '2023-02-20', 'Returned'),
(199, 162, 9, '2019-12-25', '2023-01-25', 'Returned'),
(200, 165, 10, '2019-11-30', '2023-03-20', 'Returned'),
(201, 168, 11, '2019-10-05', '2023-02-25', 'Returned'),
(202, 171, 12, '2019-09-10', '2023-01-30', 'Returned'),
(203, 174, 13, '2019-08-15', '2023-03-05', 'Returned'),
(204, 177, 14, '2019-07-20', '2023-02-10', 'Returned'),
(205, 180, 15, '2019-06-25', '2023-01-15', 'Returned'),
(206, 183, 16, '2019-05-30', '2023-03-10', 'Returned'),
(207, 186, 17, '2019-04-05', '2023-02-15', 'Returned'),
(208, 189, 18, '2019-03-10', '2023-01-20', 'Returned'),
(209, 192, 19, '2019-02-15', '2023-03-15', 'Returned'),
(210, 195, 20, '2019-01-20', '2023-02-20', 'Returned'),
(211, 198, 21, '2018-12-25', '2023-01-25', 'Returned');

-- --------------------------------------------------------

--
-- Table structure for table `maintenance`
--

CREATE TABLE `maintenance` (
  `maintenance_id` int(11) NOT NULL,
  `asset_id` int(11) NOT NULL,
  `issue_description` text DEFAULT NULL,
  `maintenance_date` date DEFAULT curdate(),
  `maintenance_status` enum('Pending','In Progress','Completed') DEFAULT 'Pending',
  `cost` decimal(10,2) DEFAULT NULL
) ENGINE=InnoDB DEFAULT CHARSET=utf8mb4 COLLATE=utf8mb4_general_ci;

--
-- Dumping data for table `maintenance`
--

INSERT INTO `maintenance` (`maintenance_id`, `asset_id`, `issue_description`, `maintenance_date`, `maintenance_status`, `cost`) VALUES
(1, 4, 'RAM upgrade to 32GB', '2023-05-20', 'Completed', 150.00),
(2, 13, 'Paper jam issue needs repair', '2023-05-15', 'In Progress', 75.00),
(3, 10, 'Battery replacement', '2023-04-10', 'Completed', 50.00),
(4, 4, 'Diagnostic check after RAM upgrade', '2023-05-25', 'Pending', NULL),
(5, 13, 'Replacement of paper feed mechanism', '2023-03-01', 'Completed', 120.00),
(6, 1, 'Keyboard replacement - spilled coffee', '2023-02-15', 'Completed', 89.99),
(7, 7, 'Fan replacement - noisy operation', '2023-01-20', 'Completed', 45.00),
(8, 16, 'Dead pixel check', '2023-05-10', 'Completed', 0.00),
(9, 3, 'Battery calibration', '2023-04-05', 'Completed', 0.00),
(10, 19, 'Scroll wheel not working', '2023-05-18', 'Pending', NULL),
(11, 4, 'RAM upgrade to 32GB', '2023-05-20', 'Completed', 150.00),
(12, 17, 'Fan replacement - noisy operation', '2023-01-20', 'Completed', 45.00),
(13, 24, 'Screen replacement - cracked display', '2023-04-15', 'Completed', 299.00),
(14, 31, 'Battery replacement - not holding charge', '2023-03-10', 'Completed', 129.00),
(15, 37, 'Keyboard replacement - spilled liquid', '2023-02-05', 'Completed', 89.99),
(16, 43, 'SSD upgrade to 1TB', '2023-05-10', 'Completed', 149.99),
(17, 49, 'Diagnostic check - random shutdowns', '2023-04-05', 'Completed', 75.00),
(18, 55, 'Motherboard replacement - failed component', '2023-01-30', 'Completed', 499.00),
(19, 61, 'Thermal paste reapplication - overheating', '2023-03-25', 'Completed', 25.00),
(20, 67, 'Webcam replacement - not working', '2023-02-20', 'Completed', 59.99),
(21, 73, 'Touchpad replacement - unresponsive', '2023-05-15', 'Completed', 79.00),
(22, 79, 'Power jack replacement - loose connection', '2023-04-10', 'Completed', 45.00),
(23, 85, 'RAM diagnostic - blue screens', '2023-01-05', 'Completed', 50.00),
(24, 91, 'WiFi card replacement - intermittent connection', '2023-03-30', 'Completed', 39.99),
(25, 97, 'Speaker replacement - distorted sound', '2023-02-25', 'Completed', 49.00),
(26, 103, 'BIOS update - stability issues', '2023-05-05', 'Completed', 0.00),
(27, 109, 'Hard drive replacement - failed drive', '2023-04-20', 'Completed', 89.99),
(28, 115, 'Display cable replacement - flickering screen', '2023-01-15', 'Completed', 29.99),
(29, 121, 'Cooling fan cleaning - loud noise', '2023-03-10', 'Completed', 0.00),
(30, 127, 'USB port replacement - damaged', '2023-02-05', 'Completed', 35.00),
(31, 133, 'Graphics card replacement - artifacts', '2023-05-20', 'Completed', 199.00),
(32, 139, 'Keyboard deep clean - sticky keys', '2023-04-15', 'Completed', 25.00),
(33, 145, 'Battery calibration - incorrect readings', '2023-01-10', 'Completed', 0.00),
(34, 151, 'Operating system reinstall - corrupted', '2023-03-05', 'Completed', 50.00),
(35, 157, 'Display hinge replacement - broken', '2023-05-10', 'Completed', 79.00),
(36, 163, 'Thunderbolt port replacement - not working', '2023-04-05', 'Completed', 99.00),
(37, 169, 'Audio jack replacement - loose', '2023-01-30', 'Completed', 25.00),
(38, 175, 'SSD diagnostic - slow performance', '2023-03-25', 'Completed', 0.00),
(39, 181, 'Webcam cover installation', '2023-02-20', 'Completed', 9.99),
(40, 187, 'Laptop stand adjustment - wobbling', '2023-05-15', 'Completed', 0.00),
(41, 193, 'Power supply replacement - failed', '2023-04-10', 'Completed', 89.00),
(42, 199, 'Display backlight replacement - dim', '2023-01-05', 'Completed', 129.00),
(43, 5, 'Diagnostic check after RAM upgrade', '2023-05-25', 'Pending', NULL),
(44, 11, 'Thermal throttling investigation', '2023-04-20', 'Pending', NULL),
(45, 17, 'Random shutdown issue', '2023-03-15', 'In Progress', NULL),
(46, 23, 'Bluetooth connectivity problems', '2023-05-10', 'Pending', NULL),
(47, 29, 'Battery swelling detected', '2023-04-05', 'In Progress', NULL),
(48, 35, 'USB-C port not charging', '2023-01-30', 'Pending', NULL),
(49, 41, 'Fan noise increasing', '2023-03-25', 'Pending', NULL),
(50, 47, 'Screen flickering intermittently', '2023-02-20', 'In Progress', NULL),
(51, 53, 'Keyboard backlight not working', '2023-05-15', 'Pending', NULL),
(52, 59, 'Trackpad not clicking properly', '2023-04-10', 'Pending', NULL),
(53, 65, 'WiFi disconnecting randomly', '2023-01-05', 'In Progress', NULL),
(54, 71, 'External display not detected', '2023-03-30', 'Pending', NULL),
(55, 77, 'Overheating during heavy use', '2023-02-25', 'Pending', NULL),
(56, 83, 'Microphone not working', '2023-05-05', 'In Progress', NULL),
(57, 89, 'Speakers producing static', '2023-04-20', 'Pending', NULL),
(58, 95, 'Slow performance after update', '2023-01-15', 'Pending', NULL),
(59, 101, 'Webcam not detected', '2023-03-10', 'In Progress', NULL),
(60, 107, 'Thunderbolt dock not recognized', '2023-02-05', 'Pending', NULL),
(61, 113, 'Random freezes occurring', '2023-05-20', 'Pending', NULL),
(62, 54, 'Paper jam issue needs repair', '2023-05-15', 'In Progress', 75.00),
(63, 60, 'Replacement of paper feed mechanism', '2023-03-01', 'Completed', 120.00),
(64, 66, 'Toner cartridge replacement', '2023-04-10', 'Completed', 89.99),
(65, 72, 'Print head cleaning', '2023-02-15', 'Completed', 0.00),
(66, 78, 'Network connectivity issues', '2023-05-05', 'Completed', 45.00),
(67, 84, 'Ink waste tank full', '2023-04-20', 'Completed', 25.00),
(68, 90, 'Scanner not working', '2023-01-15', 'Completed', 99.00),
(69, 96, 'Paper tray alignment', '2023-03-10', 'Completed', 0.00),
(70, 102, 'Firmware update', '2023-02-05', 'Completed', 0.00),
(71, 108, 'Color calibration', '2023-05-20', 'Completed', 50.00),
(72, 114, 'Document feeder jam', '2023-04-15', 'In Progress', NULL),
(73, 120, 'Wireless connection dropping', '2023-01-10', 'Pending', NULL),
(74, 126, 'Print quality issues', '2023-03-05', 'In Progress', NULL),
(75, 132, 'Duplex unit not working', '2023-05-10', 'Pending', NULL),
(76, 138, 'Replacement rollers needed', '2023-04-05', 'Pending', NULL),
(77, 144, 'Toner leak cleanup', '2023-01-30', 'In Progress', NULL),
(78, 150, 'Control panel not responding', '2023-03-25', 'Pending', NULL),
(79, 156, 'Paper size detection issue', '2023-02-20', 'Pending', NULL),
(80, 162, 'Scanner glass replacement', '2023-05-15', 'In Progress', NULL),
(81, 168, 'Ink drying out', '2023-04-10', 'Pending', NULL),
(82, 174, 'Print queue stuck', '2023-01-05', 'Pending', NULL),
(83, 180, 'Document feeder alignment', '2023-03-30', 'In Progress', NULL),
(84, 186, 'Waste ink pad full', '2023-02-25', 'Pending', NULL),
(85, 192, 'Color registration off', '2023-05-05', 'Pending', NULL),
(86, 198, 'Paper pickup issues', '2023-04-20', 'In Progress', NULL),
(87, 57, 'Toner low warning', '2023-01-15', 'Pending', NULL),
(88, 63, 'Print head replacement', '2023-03-10', 'Pending', NULL),
(89, 69, 'Network card replacement', '2023-02-05', 'In Progress', NULL),
(90, 75, 'Power supply issues', '2023-05-20', 'Pending', NULL),
(91, 81, 'Fax module not working', '2023-04-15', 'Pending', NULL),
(92, 124, 'Dead pixel check', '2023-05-10', 'Completed', 0.00),
(93, 130, 'Stand replacement - broken', '2023-04-05', 'Completed', 59.99),
(94, 136, 'Power button replacement', '2023-01-30', 'Completed', 25.00),
(95, 142, 'Display cable replacement', '2023-03-25', 'Completed', 19.99),
(96, 148, 'Backlight adjustment', '2023-02-20', 'Completed', 0.00),
(97, 154, 'VESA mount installation', '2023-05-15', 'Completed', 0.00),
(98, 160, 'Color calibration', '2023-04-10', 'Completed', 50.00),
(99, 166, 'Input port replacement', '2023-01-05', 'Completed', 35.00),
(100, 172, 'Anti-glare coating repair', '2023-03-30', 'Completed', 75.00),
(101, 178, 'Bezel replacement - cracked', '2023-02-25', 'Completed', 49.99),
(102, 184, 'Firmware update', '2023-05-05', 'Completed', 0.00),
(103, 190, 'Power supply replacement', '2023-04-20', 'Completed', 45.00),
(104, 196, 'Display panel replacement', '2023-01-15', 'Completed', 199.00),
(105, 200, 'Stand tightening', '2023-03-10', 'Completed', 0.00),
(106, 58, 'Flickering screen', '2023-02-05', 'Pending', NULL),
(107, 64, 'No power issue', '2023-05-20', 'In Progress', NULL),
(108, 70, 'Color accuracy problems', '2023-04-15', 'Pending', NULL),
(109, 76, 'Backlight bleeding', '2023-01-10', 'Pending', NULL),
(110, 82, 'Input lag issues', '2023-03-05', 'In Progress', NULL),
(111, 88, 'Stand wobbling', '2023-05-10', 'Pending', NULL),
(112, 94, 'Brightness uniformity issues', '2023-04-05', 'Pending', NULL),
(113, 100, 'HDMI port not working', '2023-01-30', 'In Progress', NULL),
(114, 106, 'DisplayPort issues', '2023-03-25', 'Pending', NULL),
(115, 112, 'Screen burn-in', '2023-02-20', 'Pending', NULL),
(116, 118, 'Touchscreen not responding', '2023-05-15', 'In Progress', NULL),
(117, 124, 'Pixel stuck on red', '2023-04-10', 'Pending', NULL),
(118, 130, 'Stand height adjustment stuck', '2023-01-05', 'Pending', NULL),
(119, 136, 'USB hub not working', '2023-03-30', 'In Progress', NULL),
(120, 142, 'Built-in speakers distorted', '2023-02-25', 'Pending', NULL),
(121, 148, 'VESA mount compatibility issue', '2023-05-05', 'Pending', NULL),
(122, 165, 'Mouse button replacement', '2023-04-20', 'Completed', 19.99),
(123, 171, 'Keyboard keycap replacement', '2023-01-15', 'Completed', 9.99),
(124, 177, 'Headphone ear pad replacement', '2023-03-10', 'Completed', 24.99),
(125, 183, 'Microphone pop filter installation', '2023-02-05', 'Completed', 14.99),
(126, 189, 'Speaker grill cleaning', '2023-05-20', 'Completed', 0.00),
(127, 195, 'Docking station port replacement', '2023-04-15', 'Completed', 45.00),
(128, 3, 'Keyboard deep clean', '2023-01-10', 'Completed', 25.00),
(129, 9, 'Mouse scroll wheel repair', '2023-03-05', 'Completed', 15.00),
(130, 15, 'Headphone jack replacement', '2023-05-10', 'Completed', 29.99),
(131, 21, 'Webcam focus adjustment', '2023-04-05', 'Completed', 0.00),
(132, 27, 'External drive enclosure replacement', '2023-01-30', 'Completed', 19.99),
(133, 33, 'UPS battery replacement', '2023-03-25', 'Completed', 79.99),
(134, 39, 'Microphone stand repair', '2023-02-20', 'Completed', 25.00),
(135, 45, 'Keyboard wrist rest replacement', '2023-05-15', 'Completed', 29.99),
(136, 51, 'Mouse pad replacement', '2023-04-10', 'Completed', 14.99),
(137, 57, 'Monitor arm adjustment', '2023-01-05', 'Completed', 0.00),
(138, 63, 'USB hub power issues', '2023-03-30', 'Pending', NULL),
(139, 69, 'Keyboard LED not working', '2023-02-25', 'In Progress', NULL),
(140, 75, 'Mouse sensor skipping', '2023-05-05', 'Pending', NULL),
(141, 81, 'Headphone cushion peeling', '2023-04-20', 'Pending', NULL),
(142, 123, 'Chair hydraulic lift replacement', '2023-01-15', 'Completed', 59.99),
(143, 129, 'Desk surface scratch repair', '2023-03-10', 'Completed', 75.00),
(144, 135, 'Chair wheel replacement', '2023-02-05', 'Completed', 29.99),
(145, 141, 'Desk height motor adjustment', '2023-05-20', 'Completed', 45.00),
(146, 147, 'Chair armrest padding replacement', '2023-04-15', 'Completed', 39.99),
(147, 153, 'Desk cable management installation', '2023-01-10', 'Completed', 0.00),
(148, 159, 'Chair backrest adjustment', '2023-03-05', 'Completed', 0.00),
(149, 165, 'Desk drawer alignment', '2023-05-10', 'Completed', 25.00),
(150, 171, 'Chair lumbar support adjustment', '2023-04-05', 'Completed', 0.00),
(151, 177, 'Desk stability adjustment', '2023-01-30', 'Completed', 0.00),
(152, 183, 'Chair tilt mechanism repair', '2023-03-25', 'Pending', NULL),
(153, 189, 'Desk surface stain removal', '2023-02-20', 'Pending', NULL),
(154, 195, 'Chair casters not rolling smoothly', '2023-05-15', 'In Progress', NULL),
(155, 6, 'Desk power module replacement', '2023-04-10', 'Pending', NULL),
(156, 12, 'Chair fabric cleaning', '2023-01-05', 'Pending', NULL),
(157, 18, 'Desk edge protector installation', '2023-03-30', 'Pending', NULL),
(158, 24, 'Chair height adjustment stuck', '2023-02-25', 'In Progress', NULL),
(159, 30, 'Desk memory height not working', '2023-05-05', 'Pending', NULL),
(160, 36, 'Chair armrest loose', '2023-04-20', 'Pending', NULL),
(161, 42, 'Desk surface refinishing', '2023-01-15', 'Pending', NULL);

-- --------------------------------------------------------

--
-- Table structure for table `users`
--

CREATE TABLE `users` (
  `user_id` int(11) NOT NULL,
  `username` varchar(50) NOT NULL,
  `password` varchar(255) NOT NULL,
  `full_name` varchar(100) DEFAULT NULL,
  `role` enum('Admin','Employee') NOT NULL,
  `created_at` timestamp NOT NULL DEFAULT current_timestamp()
) ENGINE=InnoDB DEFAULT CHARSET=utf8mb4 COLLATE=utf8mb4_general_ci;

--
-- Dumping data for table `users`
--

INSERT INTO `users` (`user_id`, `username`, `password`, `full_name`, `role`, `created_at`) VALUES
(1, 'admin', '$2y$10$92IXUNpkjO0rOQ5byMi.Ye4oKoEa3Ro9llC/.og/at2.uheWG/igi', 'Sarah Johnson', 'Admin', '2025-05-08 18:20:34'),
(2, 'mjohnson', '$2y$10$92IXUNpkjO0rOQ5byMi.Ye4oKoEa3Ro9llC/.og/at2.uheWG/igi', 'Michael Johnson', 'Employee', '2025-05-08 18:20:34'),
(3, 'lwilson', '$2y$10$92IXUNpkjO0rOQ5byMi.Ye4oKoEa3Ro9llC/.og/at2.uheWG/igi', 'Lisa Wilson', 'Employee', '2025-05-08 18:20:34'),
(4, 'dlee', '$2y$10$92IXUNpkjO0rOQ5byMi.Ye4oKoEa3Ro9llC/.og/at2.uheWG/igi', 'David Lee', 'Employee', '2025-05-08 18:20:34'),
(5, 'rpatel', '$2y$10$92IXUNpkjO0rOQ5byMi.Ye4oKoEa3Ro9llC/.og/at2.uheWG/igi', 'Rahul Patel', 'Employee', '2025-05-08 18:20:34'),
(6, 'sgreen', '$2y$10$92IXUNpkjO0rOQ5byMi.Ye4oKoEa3Ro9llC/.og/at2.uheWG/igi', 'Susan Green', 'Employee', '2025-05-08 18:20:34'),
(7, 'twhite', '$2y$10$92IXUNpkjO0rOQ5byMi.Ye4oKoEa3Ro9llC/.og/at2.uheWG/igi', 'Thomas White', 'Employee', '2025-05-08 18:20:34'),
(8, 'amartinez', '$2y$10$92IXUNpkjO0rOQ5byMi.Ye4oKoEa3Ro9llC/.og/at2.uheWG/igi', 'Ana Martinez', 'Employee', '2025-05-08 18:20:34'),
(9, 'jkim', '$2y$10$92IXUNpkjO0rOQ5byMi.Ye4oKoEa3Ro9llC/.og/at2.uheWG/igi', 'James Kim', 'Employee', '2025-05-08 18:20:34'),
(10, 'bharris', '$2y$10$92IXUNpkjO0rOQ5byMi.Ye4oKoEa3Ro9llC/.og/at2.uheWG/igi', 'Barbara Harris', 'Employee', '2025-05-08 18:20:34'),
(11, 'admin1', '$2y$10$92IXUNpkjO0rOQ5byMi.Ye4oKoEa3Ro9llC/.og/at2.uheWG/igi', 'Sarah Johnson', 'Admin', '2025-05-08 18:41:06'),
(12, 'admin2', '$2y$10$92IXUNpkjO0rOQ5byMi.Ye4oKoEa3Ro9llC/.og/at2.uheWG/igi', 'Robert Smith', 'Admin', '2025-05-08 18:41:06'),
(13, 'admin3', '$2y$10$92IXUNpkjO0rOQ5byMi.Ye4oKoEa3Ro9llC/.og/at2.uheWG/igi', 'Emily Davis', 'Admin', '2025-05-08 18:41:06'),
(14, 'admin4', '$2y$10$92IXUNpkjO0rOQ5byMi.Ye4oKoEa3Ro9llC/.og/at2.uheWG/igi', 'James Wilson', 'Admin', '2025-05-08 18:41:06'),
(15, 'admin5', '$2y$10$92IXUNpkjO0rOQ5byMi.Ye4oKoEa3Ro9llC/.og/at2.uheWG/igi', 'Jennifer Brown', 'Admin', '2025-05-08 18:41:06'),
(16, 'emp1', '$2y$10$92IXUNpkjO0rOQ5byMi.Ye4oKoEa3Ro9llC/.og/at2.uheWG/igi', 'Michael Johnson', 'Employee', '2025-05-08 18:41:06'),
(17, 'emp2', '$2y$10$92IXUNpkjO0rOQ5byMi.Ye4oKoEa3Ro9llC/.og/at2.uheWG/igi', 'Lisa Wilson', 'Employee', '2025-05-08 18:41:06'),
(18, 'emp3', '$2y$10$92IXUNpkjO0rOQ5byMi.Ye4oKoEa3Ro9llC/.og/at2.uheWG/igi', 'David Lee', 'Employee', '2025-05-08 18:41:06'),
(19, 'emp4', '$2y$10$92IXUNpkjO0rOQ5byMi.Ye4oKoEa3Ro9llC/.og/at2.uheWG/igi', 'Rahul Patel', 'Employee', '2025-05-08 18:41:06'),
(20, 'emp5', '$2y$10$92IXUNpkjO0rOQ5byMi.Ye4oKoEa3Ro9llC/.og/at2.uheWG/igi', 'Susan Green', 'Employee', '2025-05-08 18:41:06'),
(21, 'emp6', '$2y$10$92IXUNpkjO0rOQ5byMi.Ye4oKoEa3Ro9llC/.og/at2.uheWG/igi', 'Thomas White', 'Employee', '2025-05-08 18:41:06'),
(22, 'emp7', '$2y$10$92IXUNpkjO0rOQ5byMi.Ye4oKoEa3Ro9llC/.og/at2.uheWG/igi', 'Ana Martinez', 'Employee', '2025-05-08 18:41:06'),
(23, 'emp8', '$2y$10$92IXUNpkjO0rOQ5byMi.Ye4oKoEa3Ro9llC/.og/at2.uheWG/igi', 'James Kim', 'Employee', '2025-05-08 18:41:06'),
(24, 'emp9', '$2y$10$92IXUNpkjO0rOQ5byMi.Ye4oKoEa3Ro9llC/.og/at2.uheWG/igi', 'Barbara Harris', 'Employee', '2025-05-08 18:41:06'),
(25, 'emp10', '$2y$10$92IXUNpkjO0rOQ5byMi.Ye4oKoEa3Ro9llC/.og/at2.uheWG/igi', 'Daniel Miller', 'Employee', '2025-05-08 18:41:06'),
(26, 'emp11', '$2y$10$92IXUNpkjO0rOQ5byMi.Ye4oKoEa3Ro9llC/.og/at2.uheWG/igi', 'Jessica Taylor', 'Employee', '2025-05-08 18:41:06'),
(27, 'emp12', '$2y$10$92IXUNpkjO0rOQ5byMi.Ye4oKoEa3Ro9llC/.og/at2.uheWG/igi', 'Christopher Anderson', 'Employee', '2025-05-08 18:41:06'),
(28, 'emp13', '$2y$10$92IXUNpkjO0rOQ5byMi.Ye4oKoEa3Ro9llC/.og/at2.uheWG/igi', 'Amanda Thomas', 'Employee', '2025-05-08 18:41:06'),
(29, 'emp14', '$2y$10$92IXUNpkjO0rOQ5byMi.Ye4oKoEa3Ro9llC/.og/at2.uheWG/igi', 'Matthew Jackson', 'Employee', '2025-05-08 18:41:06'),
(30, 'emp15', '$2y$10$92IXUNpkjO0rOQ5byMi.Ye4oKoEa3Ro9llC/.og/at2.uheWG/igi', 'Ashley White', 'Employee', '2025-05-08 18:41:06'),
(31, 'emp16', '$2y$10$92IXUNpkjO0rOQ5byMi.Ye4oKoEa3Ro9llC/.og/at2.uheWG/igi', 'Joshua Harris', 'Employee', '2025-05-08 18:41:06'),
(32, 'emp17', '$2y$10$92IXUNpkjO0rOQ5byMi.Ye4oKoEa3Ro9llC/.og/at2.uheWG/igi', 'Nicole Martin', 'Employee', '2025-05-08 18:41:06'),
(33, 'emp18', '$2y$10$92IXUNpkjO0rOQ5byMi.Ye4oKoEa3Ro9llC/.og/at2.uheWG/igi', 'Kevin Garcia', 'Employee', '2025-05-08 18:41:06'),
(34, 'emp19', '$2y$10$92IXUNpkjO0rOQ5byMi.Ye4oKoEa3Ro9llC/.og/at2.uheWG/igi', 'Stephanie Robinson', 'Employee', '2025-05-08 18:41:06'),
(35, 'emp20', '$2y$10$92IXUNpkjO0rOQ5byMi.Ye4oKoEa3Ro9llC/.og/at2.uheWG/igi', 'Brian Clark', 'Employee', '2025-05-08 18:41:06'),
(36, 'emp21', '$2y$10$92IXUNpkjO0rOQ5byMi.Ye4oKoEa3Ro9llC/.og/at2.uheWG/igi', 'Rachel Rodriguez', 'Employee', '2025-05-08 18:41:06'),
(37, 'emp22', '$2y$10$92IXUNpkjO0rOQ5byMi.Ye4oKoEa3Ro9llC/.og/at2.uheWG/igi', 'Jonathan Lewis', 'Employee', '2025-05-08 18:41:06'),
(38, 'emp23', '$2y$10$92IXUNpkjO0rOQ5byMi.Ye4oKoEa3Ro9llC/.og/at2.uheWG/igi', 'Megan Walker', 'Employee', '2025-05-08 18:41:06'),
(39, 'emp24', '$2y$10$92IXUNpkjO0rOQ5byMi.Ye4oKoEa3Ro9llC/.og/at2.uheWG/igi', 'Andrew Hall', 'Employee', '2025-05-08 18:41:06'),
(40, 'emp25', '$2y$10$92IXUNpkjO0rOQ5byMi.Ye4oKoEa3Ro9llC/.og/at2.uheWG/igi', 'Lauren Allen', 'Employee', '2025-05-08 18:41:06'),
(41, 'emp26', '$2y$10$92IXUNpkjO0rOQ5byMi.Ye4oKoEa3Ro9llC/.og/at2.uheWG/igi', 'Justin Young', 'Employee', '2025-05-08 18:41:06'),
(42, 'emp27', '$2y$10$92IXUNpkjO0rOQ5byMi.Ye4oKoEa3Ro9llC/.og/at2.uheWG/igi', 'Victoria Hernandez', 'Employee', '2025-05-08 18:41:06'),
(43, 'emp28', '$2y$10$92IXUNpkjO0rOQ5byMi.Ye4oKoEa3Ro9llC/.og/at2.uheWG/igi', 'Brandon King', 'Employee', '2025-05-08 18:41:06'),
(44, 'emp29', '$2y$10$92IXUNpkjO0rOQ5byMi.Ye4oKoEa3Ro9llC/.og/at2.uheWG/igi', 'Kayla Wright', 'Employee', '2025-05-08 18:41:06'),
(45, 'emp30', '$2y$10$92IXUNpkjO0rOQ5byMi.Ye4oKoEa3Ro9llC/.og/at2.uheWG/igi', 'Ryan Lopez', 'Employee', '2025-05-08 18:41:06'),
(46, 'emp31', '$2y$10$92IXUNpkjO0rOQ5byMi.Ye4oKoEa3Ro9llC/.og/at2.uheWG/igi', 'Samantha Hill', 'Employee', '2025-05-08 18:41:06'),
(47, 'emp32', '$2y$10$92IXUNpkjO0rOQ5byMi.Ye4oKoEa3Ro9llC/.og/at2.uheWG/igi', 'Nathan Scott', 'Employee', '2025-05-08 18:41:06'),
(48, 'emp33', '$2y$10$92IXUNpkjO0rOQ5byMi.Ye4oKoEa3Ro9llC/.og/at2.uheWG/igi', 'Olivia Green', 'Employee', '2025-05-08 18:41:06'),
(49, 'emp34', '$2y$10$92IXUNpkjO0rOQ5byMi.Ye4oKoEa3Ro9llC/.og/at2.uheWG/igi', 'Tyler Adams', 'Employee', '2025-05-08 18:41:06'),
(50, 'emp35', '$2y$10$92IXUNpkjO0rOQ5byMi.Ye4oKoEa3Ro9llC/.og/at2.uheWG/igi', 'Hannah Baker', 'Employee', '2025-05-08 18:41:06'),
(51, 'emp36', '$2y$10$92IXUNpkjO0rOQ5byMi.Ye4oKoEa3Ro9llC/.og/at2.uheWG/igi', 'Jacob Gonzalez', 'Employee', '2025-05-08 18:41:06'),
(52, 'emp37', '$2y$10$92IXUNpkjO0rOQ5byMi.Ye4oKoEa3Ro9llC/.og/at2.uheWG/igi', 'Emma Nelson', 'Employee', '2025-05-08 18:41:06'),
(53, 'emp38', '$2y$10$92IXUNpkjO0rOQ5byMi.Ye4oKoEa3Ro9llC/.og/at2.uheWG/igi', 'Austin Carter', 'Employee', '2025-05-08 18:41:06'),
(54, 'emp39', '$2y$10$92IXUNpkjO0rOQ5byMi.Ye4oKoEa3Ro9llC/.og/at2.uheWG/igi', 'Madison Mitchell', 'Employee', '2025-05-08 18:41:06'),
(55, 'emp40', '$2y$10$92IXUNpkjO0rOQ5byMi.Ye4oKoEa3Ro9llC/.og/at2.uheWG/igi', 'Caleb Perez', 'Employee', '2025-05-08 18:41:06'),
(56, 'emp41', '$2y$10$92IXUNpkjO0rOQ5byMi.Ye4oKoEa3Ro9llC/.og/at2.uheWG/igi', 'Chloe Roberts', 'Employee', '2025-05-08 18:41:06'),
(57, 'emp42', '$2y$10$92IXUNpkjO0rOQ5byMi.Ye4oKoEa3Ro9llC/.og/at2.uheWG/igi', 'Ethan Turner', 'Employee', '2025-05-08 18:41:06'),
(58, 'emp43', '$2y$10$92IXUNpkjO0rOQ5byMi.Ye4oKoEa3Ro9llC/.og/at2.uheWG/igi', 'Ava Phillips', 'Employee', '2025-05-08 18:41:06'),
(59, 'emp44', '$2y$10$92IXUNpkjO0rOQ5byMi.Ye4oKoEa3Ro9llC/.og/at2.uheWG/igi', 'Noah Campbell', 'Employee', '2025-05-08 18:41:06'),
(60, 'emp45', '$2y$10$92IXUNpkjO0rOQ5byMi.Ye4oKoEa3Ro9llC/.og/at2.uheWG/igi', 'Sophia Parker', 'Employee', '2025-05-08 18:41:06'),
(61, 'emp46', '$2y$10$92IXUNpkjO0rOQ5byMi.Ye4oKoEa3Ro9llC/.og/at2.uheWG/igi', 'Logan Evans', 'Employee', '2025-05-08 18:41:06'),
(62, 'emp47', '$2y$10$92IXUNpkjO0rOQ5byMi.Ye4oKoEa3Ro9llC/.og/at2.uheWG/igi', 'Isabella Edwards', 'Employee', '2025-05-08 18:41:06'),
(63, 'emp48', '$2y$10$92IXUNpkjO0rOQ5byMi.Ye4oKoEa3Ro9llC/.og/at2.uheWG/igi', 'Mason Collins', 'Employee', '2025-05-08 18:41:06'),
(64, 'emp49', '$2y$10$92IXUNpkjO0rOQ5byMi.Ye4oKoEa3Ro9llC/.og/at2.uheWG/igi', 'Charlotte Stewart', 'Employee', '2025-05-08 18:41:06'),
(65, 'emp50', '$2y$10$92IXUNpkjO0rOQ5byMi.Ye4oKoEa3Ro9llC/.og/at2.uheWG/igi', 'Elijah Sanchez', 'Employee', '2025-05-08 18:41:06');

--
-- Indexes for dumped tables
--

--
-- Indexes for table `assets`
--
ALTER TABLE `assets`
  ADD PRIMARY KEY (`asset_id`);

--
-- Indexes for table `asset_assignments`
--
ALTER TABLE `asset_assignments`
  ADD PRIMARY KEY (`assignment_id`),
  ADD KEY `user_id` (`user_id`),
  ADD KEY `fk_asset_assignments_asset_id` (`asset_id`);

--
-- Indexes for table `maintenance`
--
ALTER TABLE `maintenance`
  ADD PRIMARY KEY (`maintenance_id`),
  ADD KEY `fk_maintenance_asset_id` (`asset_id`);

--
-- Indexes for table `users`
--
ALTER TABLE `users`
  ADD PRIMARY KEY (`user_id`),
  ADD UNIQUE KEY `username` (`username`);

--
-- AUTO_INCREMENT for dumped tables
--

--
-- AUTO_INCREMENT for table `assets`
--
ALTER TABLE `assets`
  MODIFY `asset_id` int(11) NOT NULL AUTO_INCREMENT, AUTO_INCREMENT=220;

--
-- AUTO_INCREMENT for table `asset_assignments`
--
ALTER TABLE `asset_assignments`
  MODIFY `assignment_id` int(11) NOT NULL AUTO_INCREMENT, AUTO_INCREMENT=212;

--
-- AUTO_INCREMENT for table `maintenance`
--
ALTER TABLE `maintenance`
  MODIFY `maintenance_id` int(11) NOT NULL AUTO_INCREMENT, AUTO_INCREMENT=162;

--
-- AUTO_INCREMENT for table `users`
--
ALTER TABLE `users`
  MODIFY `user_id` int(11) NOT NULL AUTO_INCREMENT, AUTO_INCREMENT=66;

--
-- Constraints for dumped tables
--

--
-- Constraints for table `asset_assignments`
--
ALTER TABLE `asset_assignments`
  ADD CONSTRAINT `asset_assignments_ibfk_2` FOREIGN KEY (`user_id`) REFERENCES `users` (`user_id`),
  ADD CONSTRAINT `fk_asset_assignments_asset_id` FOREIGN KEY (`asset_id`) REFERENCES `assets` (`asset_id`) ON DELETE CASCADE;

--
-- Constraints for table `maintenance`
--
ALTER TABLE `maintenance`
  ADD CONSTRAINT `fk_maintenance_asset_id` FOREIGN KEY (`asset_id`) REFERENCES `assets` (`asset_id`) ON DELETE CASCADE;
COMMIT;

/*!40101 SET CHARACTER_SET_CLIENT=@OLD_CHARACTER_SET_CLIENT */;
/*!40101 SET CHARACTER_SET_RESULTS=@OLD_CHARACTER_SET_RESULTS */;
/*!40101 SET COLLATION_CONNECTION=@OLD_COLLATION_CONNECTION */;
